juris,class
Alameda,Bayside
Albany,Bayside
Atherton,Bayside
Belmont,Bayside
Belvedere,Bayside
Berkeley,Bayside
Brisbane,Bayside
Burlingame,Bayside
Campbell,Bayside
Colma,Bayside
Corte Madera,Bayside
Cupertino,Bayside
Daly City,Bayside
East Palo Alto,Bayside
El Cerrito,Bayside
Emeryville,Bayside
Fairfax,Bayside
Foster City,Bayside
Fremont,Bayside
Hayward,Bayside
Hercules,Bayside
Hillsborough,Bayside
Larkspur,Bayside
Los Altos,Bayside
Los Altos Hills,Bayside
Los Gatos,Bayside
Menlo Park,Bayside
Mill Valley,Bayside
Millbrae,Bayside
Milpitas,Bayside
Monte Sereno,Bayside
Mountain View,Bayside
Newark,Bayside
Pacifica,Bayside
Palo Alto,Bayside
Piedmont,Bayside
Pinole,Bayside
Portola Valley,Bayside
Redwood City,Bayside
Richmond,Bayside
Ross,Bayside
San Anselmo,Bayside
San Bruno,Bayside
San Carlos,Bayside
San Leandro,Bayside
San Mateo,Bayside
San Pablo,Bayside
San Rafael,Bayside
Santa Clara,Bayside
Saratoga,Bayside
Sausalito,Bayside
South San Francisco,Bayside
Sunnyvale,Bayside
Tiburon,Bayside
Union City,Bayside
Vallejo,Bayside
Woodside,Bayside
San Jose,Big Three
San Francisco,Big Three
Oakland,Big Three
American Canyon,"Inland, Delta and Coastal"
Antioch,"Inland, Delta and Coastal"
Benicia,"Inland, Delta and Coastal"
Brentwood,"Inland, Delta and Coastal"
Calistoga,"Inland, Delta and Coastal"
Clayton,"Inland, Delta and Coastal"
Cloverdale,"Inland, Delta and Coastal"
Concord,"Inland, Delta and Coastal"
Cotati,"Inland, Delta and Coastal"
Danville,"Inland, Delta and Coastal"
Dixon,"Inland, Delta and Coastal"
Dublin,"Inland, Delta and Coastal"
Fairfield,"Inland, Delta and Coastal"
Gilroy,"Inland, Delta and Coastal"
Half Moon Bay,"Inland, Delta and Coastal"
Healdsburg,"Inland, Delta and Coastal"
Lafayette,"Inland, Delta and Coastal"
Livermore,"Inland, Delta and Coastal"
Martinez,"Inland, Delta and Coastal"
Moraga,"Inland, Delta and Coastal"
Morgan Hill,"Inland, Delta and Coastal"
Napa,"Inland, Delta and Coastal"
Novato,"Inland, Delta and Coastal"
Oakley,"Inland, Delta and Coastal"
Orinda,"Inland, Delta and Coastal"
Petaluma,"Inland, Delta and Coastal"
Pittsburg,"Inland, Delta and Coastal"
Pleasant Hill,"Inland, Delta and Coastal"
Pleasanton,"Inland, Delta and Coastal"
Rio Vista,"Inland, Delta and Coastal"
Rohnert Park,"Inland, Delta and Coastal"
San Ramon,"Inland, Delta and Coastal"
Santa Rosa,"Inland, Delta and Coastal"
Sebastopol,"Inland, Delta and Coastal"
Sonoma,"Inland, Delta and Coastal"
St. Helena,"Inland, Delta and Coastal"
Suisun City,"Inland, Delta and Coastal"
Vacaville,"Inland, Delta and Coastal"
Walnut Creek,"Inland, Delta and Coastal"
Windsor,"Inland, Delta and Coastal"
Yountville,"Inland, Delta and Coastal"
Unincorporated Alameda,Unincorporated
Unincorporated Contra Costa,Unincorporated
Unincorporated Marin,Unincorporated
Unincorporated Napa,Unincorporated
Unincorporated San Mateo,Unincorporated
Unincorporated Santa Clara,Unincorporated
Unincorporated Sonoma,Unincorporated
Unincorporated Solano,Unincorporated
